vgene,jgene,dgene,cdr3,count,barcode
IGHV1-2,IGHJ4,IGHD6-6,CATGRLSGFDEW,206,SRR2240714
IGHV5-51,IGHJ4,IGHD3-9,CARHVRLRYFDWFFDYW,27,SRR2240714
IGHV1-18,IGHJ6,IGHD3-3,CARDGTLTLFGVVIAYYGMDVW,16,SRR2240714
IGHV4-31,IGHJ6,IGHD2-2,CARGHSYHLLPGGMDVW,4,SRR2240714
IGHV1-2,IGHJ4,IGHD6-6,CATGRLSGFDYW,4,SRR2240714
IGHV3-23,IGHJ5,IGHD4-23,CAKDAISGNSLWDYFDPW,3,SRR2240714
IGHV1-2,IGHJ4,IGHD4-17,CARGTSYPGTDYW,3,SRR2240714
IGHV1-18,IGHJ6,IGHD3-3,YARDGTLTLFGVVIAYYGMDVW,2,SRR2240714
IGHV3-15,IGHJ4,IGHD1-26,CATVAGRWELFKSLDNW,2,SRR2240714
IGHV4-31,IGHJ4,IGHD5-12,CAGYGWYFDFW,2,SRR2240714
IGHV1-18,IGHJ6,IGHD3-22,CARQHYYDSSDNLGGDYYYGLDVW,1,SRR2240714
IGHV1-18,IGHJ6,IGHD3-10,CATAGRVDISGSYSYYYYDMDVW,1,SRR2240714
IGHV3-15,IGHJ4,IGHD1-26,CATVAGRWELFKSLDNW,1,SRR2240714
IGHV4-31,IGHJ4,IGHD3-3,CARLTMSGVVITHFDLW,1,SRR2240714
IGHV3-23,IGHJ2,IGHD4-17,CANFGALGLIQYFEFW,1,SRR2240714
IGHV1-2,IGHJ4,IGHD6-6,CATGRLSGFDHW,1,SRR2240714
IGHV4-39,IGHJ6,IGHD3-9,CARHTPRQAYYNILTSSQDYYYYGMDVW,1,SRR2260218
IGHV1-69,IGHJ3,IGHD3-10,CALGGWFGELSRRDAFDVW,1,SRR2260218
IGHV4-31,IGHJ3,IGHD2-8,CARSAALVRLGDGAFDIW,1,SRR2260218
IGHV4-39,IGHJ4,IGHD5-12,CATIYSGTYSHYFDFW,1,SRR2260218
IGHV5-51,IGHJ3,IGHD4-11,CARPTTVDTWDAFDIW,1,SRR3620781
IGHV3-30,IGHJ5,IGHD1-26,CARGLSWVDLLYTVDWFDPW,829,SRR3620784
IGHV3-30,IGHJ4,IGHD2-2,CARCLIGEVLCRTFDSW,76,SRR3620784
IGHV3-30,IGHJ5,IGHD1-26,CARGLSWVDLLYTVDCFDPW,68,SRR3620784
IGHV3-21,IGHJ6,IGHD3-3,CARVRTDIWSGYWSAIKYYALDVW,4,SRR3620784
IGHV3-30,IGHJ5,IGHD1-26,CARGLSWVDLLYTVDWFDSW,4,SRR3620784
IGHV3-30,IGHJ5,IGHD2-2,CARCLIGEVLCRTFDPW,1,SRR3620784
